------------------------------,--------------------
www.electricblue.eu, Portugal
------------------------------,--------------------
Intertidal version,V0.2
------------------------------,--------------------
Device,Chamber_A
Treatment,Control
UTC,1.00
Day light saving time,Yes
Heat_wait,120
Chiller_wait,120
Water_release,600
Water_fill,300
Experiment_Start,S:00:00 15/05/25
Experiment_End,E:23:00 18/06/25
------------------------------,--------------------
Date,Time,T1,T2,T3,T4,T5,T6,Top_avg,Top_setpoint,Base_avg,Base_setpoint,Tide,WS1,WS2,WS3,WS4,WS5,WS6,WS7,WS8,Heat_Lamps_%,Water_Cooler_state,Water_Heater_state,Cooler_pump_state,Tide_pump_state,LED_intensity_%,Circle_fan_state,Cool_fan_state,Outlet_valve_state,Inlet_valve_state,Kp,Ki,Kd
2025-05-22,15:00:02,22.06,19.93,21.00,19.81,19.81,19.12,21.00,21.00,19.81,19.40,0,0,0,0,0,1,1,1,1,0.00,0,0,1,0,061,1,0,0,0,10.000,0.096,0.000
2025-05-22,15:00:14,22.06,19.93,21.00,19.81,19.81,19.06,21.00,20.99,19.81,19.40,0,0,0,0,0,1,1,1,1,0.00,1,0,1,0,061,1,0,0,0,10.000,0.096,0.000
2025-05-22,15:00:24,22.06,19.93,21.00,19.81,19.81,19.12,21.00,20.99,19.81,19.40,0,0,0,0,0,1,1,1,1,0.00,1,0,1,0,061,1,0,0,0,10.000,0.096,0.000
2025-05-22,15:00:34,22.06,19.93,21.00,19.81,19.81,19.12,21.00,20.99,19.81,19.40,0,0,0,0,0,1,1,1,1,0.20,1,0,1,0,061,1,0,0,0,10.000,0.096,0.000
2025-05-22,15:00:44,22.06,19.93,20.93,19.81,19.81,19.12,20.97,20.99,19.81,19.40,0,0,0,0,0,1,1,1,1,0.20,1,0,1,0,061,1,0,0,0,10.000,0.096,0.000
2025-05-22,15:00:54,22.06,19.93,21.00,19.81,19.81,19.12,21.00,20.99,19.81,19.40,0,0,0,0,0,1,1,1,1,0.00,1,0,1,0,061,1,0,0,0,10.000,0.096,0.000
2025-05-22,15:01:04,22.06,19.93,21.00,19.81,19.87,19.12,21.00,20.99,19.84,19.40,0,0,0,0,0,1,1,1,1,0.00,1,0,1,0,061,1,0,0,0,10.000,0.096,0.000
2025-05-22,15:01:14,22.06,19.93,20.93,19.81,19.81,19.18,20.97,20.99,19.81,19.40,0,0,0,0,0,1,1,1,1,0.20,1,0,1,0,061,1,0,0,0,10.000,0.096,0.000
2025-05-22,15:01:24,22.06,19.93,20.93,19.81,19.81,19.18,20.97,20.99,19.81,19.40,0,0,0,0,0,1,1,1,1,0.19,1,0,1,0,061,1,0,0,0,10.000,0.096,0.000
2025-05-22,15:01:34,22.06,19.93,20.93,19.81,19.81,19.18,20.97,20.99,19.81,19.40,0,0,0,0,0,1,1,1,1,0.00,1,0,1,0,061,1,1,0,0,10.000,0.096,0.000
2025-05-22,15:01:44,22.06,19.93,20.93,19.81,19.81,19.25,20.97,20.99,19.81,19.40,0,0,0,0,0,1,1,1,1,0.19,1,0,1,0,061,1,0,0,0,10.000,0.096,0.000
2025-05-22,15:01:54,22.12,19.93,21.00,19.81,19.81,19.25,21.02,20.99,19.81,19.40,0,0,0,0,0,1,1,1,1,0.00,1,0,1,0,061,1,0,0,0,10.000,0.096,0.000
2025-05-22,15:02:04,22.06,19.93,20.93,19.81,19.81,19.25,20.97,20.99,19.81,19.40,0,0,0,0,0,1,1,1,1,0.00,1,0,1,0,061,1,0,0,0,10.000,0.096,0.000
2025-05-22,15:02:14,22.06,19.93,20.93,19.81,19.81,19.31,20.97,20.99,19.81,19.40,0,0,0,0,0,1,1,1,1,0.19,1,0,1,0,061,1,0,0,0,10.000,0.096,0.000
2025-05-22,15:02:24,22.12,19.93,20.93,19.81,19.81,19.31,21.00,20.99,19.81,19.40,0,0,0,0,0,1,1,1,1,0.19,1,0,1,0,061,1,0,0,0,10.000,0.096,0.000
2025-05-22,15:02:34,22.06,19.93,20.93,19.81,19.81,19.31,20.97,20.99,19.81,19.40,0,0,0,0,0,1,1,1,1,0.19,1,0,1,0,061,1,0,0,0,10.000,0.096,0.000
2025-05-22,15:02:44,22.12,19.93,20.93,19.81,19.81,19.31,21.00,20.99,19.81,19.40,0,0,0,0,0,1,1,1,1,0.00,1,0,1,0,061,1,0,0,0,10.000,0.096,0.000
2025-05-22,15:02:54,22.12,19.93,20.93,19.81,19.81,19.37,21.00,20.99,19.81,19.40,0,0,0,0,0,1,1,1,1,0.00,1,0,1,0,061,1,0,0,0,10.000,0.096,0.000
2025-05-22,15:03:04,22.12,19.93,20.93,19.81,19.81,19.37,21.00,20.99,19.81,19.40,0,0,0,0,0,1,1,1,1,0.00,1,0,1,0,061,1,0,0,0,10.000,0.096,0.000
2025-05-22,15:03:14,22.12,19.93,20.93,19.81,19.81,19.37,21.00,20.99,19.81,19.40,0,0,0,0,0,1,1,1,1,0.00,1,0,1,0,061,1,1,0,0,10.000,0.096,0.000
2025-05-22,15:03:24,22.12,19.93,20.93,19.81,19.75,19.37,21.00,20.99,19.78,19.40,0,0,0,0,0,1,1,1,1,0.00,1,0,1,0,061,1,0,0,0,10.000,0.096,0.000
2025-05-22,15:03:34,22.12,19.93,20.93,19.81,19.81,19.37,21.00,20.99,19.81,19.40,0,0,0,0,0,1,1,1,1,0.00,1,0,1,0,061,1,0,0,0,10.000,0.096,0.000
2025-05-22,15:03:44,22.12,19.93,20.93,19.75,19.81,19.37,21.00,20.99,19.78,19.40,0,0,0,0,0,1,1,1,1,0.00,1,0,1,0,061,1,0,0,0,10.000,0.096,0.000
2025-05-22,15:03:54,22.12,19.93,21.00,19.75,19.75,19.37,21.02,20.99,19.75,19.40,0,0,0,0,0,1,1,1,1,0.00,1,0,1,0,061,1,0,0,0,10.000,0.096,0.000
2025-05-22,15:04:04,22.12,19.93,20.93,19.75,19.75,19.37,21.00,20.99,19.75,19.40,0,0,0,0,0,1,1,1,1,0.00,1,0,1,0,061,1,0,0,0,10.000,0.096,0.000
2025-05-22,15:04:14,22.12,19.93,20.93,19.75,19.75,19.37,21.00,20.99,19.75,19.40,0,0,0,0,0,1,1,1,1,0.00,1,0,1,0,061,1,0,0,0,10.000,0.096,0.000
2025-05-22,15:04:24,22.12,19.93,20.93,19.75,19.75,19.37,21.00,20.99,19.75,19.40,0,0,0,0,0,1,1,1,1,0.00,1,0,1,0,061,1,0,0,0,10.000,0.096,0.000
2025-05-22,15:04:34,22.12,19.93,20.93,19.75,19.68,19.37,21.00,20.99,19.71,19.40,0,0,0,0,0,1,1,1,1,0.00,1,0,1,0,061,1,0,0,0,10.000,0.096,0.000
2025-05-22,15:04:44,22.12,19.93,20.93,19.75,19.68,19.37,21.00,20.99,19.71,19.40,0,0,0,0,0,1,1,1,1,0.00,1,0,1,0,061,1,0,0,0,10.000,0.096,0.000
2025-05-22,15:04:54,22.12,19.93,20.93,19.75,19.68,19.37,21.00,20.99,19.71,19.40,0,0,0,0,0,1,1,1,1,0.00,1,0,1,0,061,1,0,0,0,10.000,0.096,0.000
2025-05-22,15:05:04,22.12,19.93,20.93,19.68,19.68,19.31,21.00,20.99,19.68,19.40,0,0,0,0,0,1,1,1,1,0.00,1,0,1,0,061,1,0,0,0,10.000,0.096,0.000
2025-05-22,15:05:14,22.12,19.93,20.93,19.68,19.68,19.37,21.00,20.99,19.68,19.40,0,0,0,0,0,1,1,1,1,0.00,1,0,1,0,061,1,1,0,0,10.000,0.096,0.000
2025-05-22,15:05:24,22.12,19.93,20.93,19.68,19.62,19.37,21.00,20.99,19.65,19.40,0,0,0,0,0,1,1,1,1,0.00,1,0,1,0,061,1,0,0,0,10.000,0.096,0.000
2025-05-22,15:05:34,22.12,19.93,20.93,19.68,19.62,19.37,21.00,20.99,19.65,19.40,0,0,0,0,0,1,1,1,1,0.00,1,0,1,0,061,1,0,0,0,10.000,0.096,0.000
2025-05-22,15:05:44,22.12,19.93,20.93,19.68,19.62,19.37,21.00,20.99,19.65,19.40,0,0,0,0,0,1,1,1,1,0.00,1,0,1,0,061,1,1,0,0,10.000,0.096,0.000
2025-05-22,15:05:54,22.12,19.93,20.93,19.62,19.62,19.37,21.00,20.98,19.62,19.40,0,0,0,0,0,1,1,1,1,0.00,1,0,1,0,061,1,0,0,0,10.000,0.096,0.000
2025-05-22,15:06:04,22.12,20.00,20.93,19.62,19.62,19.43,21.02,20.98,19.62,19.40,0,0,0,0,0,1,1,1,1,0.00,1,0,1,0,061,1,0,0,0,10.000,0.096,0.000
2025-05-22,15:06:14,22.12,20.00,20.93,19.62,19.56,19.43,21.02,20.98,19.59,19.40,0,0,0,0,0,1,1,1,1,0.00,1,0,1,0,061,1,1,0,0,10.000,0.096,0.000
2025-05-22,15:06:24,22.12,19.93,20.93,19.62,19.56,19.43,21.00,20.98,19.59,19.40,0,0,0,0,0,1,1,1,1,0.00,1,0,1,0,061,1,0,0,0,10.000,0.096,0.000
2025-05-22,15:06:34,22.12,19.93,20.93,19.62,19.56,19.50,21.00,20.98,19.59,19.40,0,0,0,0,0,1,1,1,1,0.00,1,0,1,0,061,1,0,0,0,10.000,0.096,0.000
2025-05-22,15:06:44,22.12,19.93,20.93,19.56,19.50,19.50,21.00,20.98,19.53,19.40,0,0,0,0,0,1,1,1,1,0.00,1,0,1,0,061,1,0,0,0,10.000,0.096,0.000
2025-05-22,15:06:54,22.18,19.93,20.93,19.56,19.50,19.50,21.02,20.98,19.53,19.40,0,0,0,0,0,1,1,1,1,0.00,1,0,1,0,061,1,0,0,0,10.000,0.096,0.000
2025-05-22,15:07:04,22.12,19.93,20.93,19.56,19.50,19.56,21.00,20.98,19.53,19.40,0,0,0,0,0,1,1,1,1,0.00,1,0,1,0,061,1,1,0,0,10.000,0.096,0.000
2025-05-22,15:07:14,22.12,19.93,20.93,19.56,19.50,19.50,21.00,20.98,19.53,19.40,0,0,0,0,0,1,1,1,1,0.00,1,0,1,0,061,1,1,0,0,10.000,0.096,0.000
2025-05-22,15:07:24,22.18,19.93,20.93,19.56,19.50,19.50,21.02,20.98,19.53,19.40,0,0,0,0,0,1,1,1,1,0.00,1,0,1,0,061,1,1,0,0,10.000,0.096,0.000
2025-05-22,15:07:34,22.18,20.00,20.93,19.50,19.50,19.50,21.04,20.98,19.50,19.40,0,0,0,0,0,1,1,1,1,0.00,1,0,1,0,061,1,0,0,0,10.000,0.096,0.000
2025-05-22,15:07:44,22.12,19.93,20.93,19.50,19.43,19.50,21.00,20.98,19.46,19.40,0,0,0,0,0,1,1,1,1,0.00,1,0,1,0,061,1,1,0,0,10.000,0.096,0.000
2025-05-22,15:07:54,22.12,19.93,20.93,19.50,19.43,19.56,21.00,20.98,19.46,19.40,0,0,0,0,0,1,1,1,1,0.00,1,0,1,0,061,1,1,0,0,10.000,0.096,0.000
2025-05-22,15:08:04,22.12,19.93,20.93,19.43,19.43,19.62,21.00,20.98,19.43,19.40,0,0,0,0,0,1,1,1,1,0.00,1,0,1,0,061,1,0,0,0,10.000,0.096,0.000
2025-05-22,15:08:14,22.12,19.93,20.93,19.43,19.37,19.62,21.00,20.98,19.40,19.40,0,0,0,0,0,1,1,1,1,0.00,1,0,1,0,061,1,0,0,0,10.000,0.096,0.000
2025-05-22,15:08:24,22.12,19.93,20.93,19.43,19.37,19.62,21.00,20.98,19.40,19.40,0,0,0,0,0,1,1,1,1,0.00,1,0,1,0,061,1,0,0,0,10.000,0.096,0.000
2025-05-22,15:08:34,22.12,19.93,20.93,19.43,19.37,19.62,21.00,20.98,19.40,19.40,0,0,0,0,0,1,1,1,1,0.00,1,0,1,0,061,1,0,0,0,10.000,0.096,0.000
2025-05-22,15:08:44,22.12,19.93,20.93,19.37,19.31,19.68,21.00,20.98,19.34,19.40,0,0,0,0,0,1,1,1,1,0.00,1,0,1,0,061,1,0,0,0,10.000,0.096,0.000
2025-05-22,15:08:54,22.12,19.93,20.93,19.37,19.31,19.68,21.00,20.98,19.34,19.40,0,0,0,0,0,1,1,1,1,0.00,1,0,1,0,061,1,0,0,0,10.000,0.096,0.000
2025-05-22,15:09:04,22.12,19.93,20.93,19.37,19.31,19.68,21.00,20.98,19.34,19.40,0,0,0,0,0,1,1,1,1,0.00,1,0,1,0,061,1,0,0,0,10.000,0.096,0.000
2025-05-22,15:09:14,22.12,19.93,20.93,19.37,19.31,19.68,21.00,20.98,19.34,19.40,0,0,0,0,0,1,1,1,1,0.00,1,0,1,0,061,1,0,0,0,10.000,0.096,0.000
2025-05-22,15:09:24,22.12,19.93,20.93,19.31,19.25,19.68,21.00,20.98,19.28,19.40,0,0,0,0,0,1,1,1,1,0.00,1,0,1,0,061,1,0,0,0,10.000,0.096,0.000
2025-05-22,15:09:34,22.18,19.93,20.93,19.31,19.25,19.68,21.02,20.98,19.28,19.40,0,0,0,0,0,1,1,1,1,0.00,1,0,1,0,061,1,0,0,0,10.000,0.096,0.000
2025-05-22,15:09:44,22.12,19.93,20.93,19.31,19.25,19.68,21.00,20.98,19.28,19.40,0,0,0,0,0,1,1,1,1,0.00,1,0,1,0,061,1,1,0,0,10.000,0.096,0.000
2025-05-22,15:09:54,22.18,19.93,20.93,19.31,19.25,19.68,21.02,20.98,19.28,19.40,0,0,0,0,0,1,1,1,1,0.00,1,0,1,0,061,1,0,0,0,10.000,0.096,0.000
2025-05-22,15:10:04,22.18,19.93,20.93,19.25,19.18,19.68,21.02,20.98,19.21,19.40,0,0,0,0,0,1,1,1,1,0.00,1,0,1,0,061,1,1,0,0,10.000,0.096,0.000
2025-05-22,15:10:14,22.12,19.93,20.93,19.25,19.18,19.68,21.00,20.98,19.21,19.40,0,0,0,0,0,1,1,1,1,0.00,1,0,1,0,061,1,1,0,0,10.000,0.096,0.000
2025-05-22,15:10:24,22.12,19.93,20.93,19.25,19.18,19.68,21.00,20.98,19.21,19.40,0,0,0,0,0,1,1,1,1,0.00,1,0,1,0,061,1,0,0,0,10.000,0.096,0.000
2025-05-22,15:10:34,22.12,19.93,20.93,19.25,19.18,19.68,21.00,20.98,19.21,19.40,0,0,0,0,0,1,1,1,1,0.00,1,0,1,0,061,1,0,0,0,10.000,0.096,0.000
2025-05-22,15:10:44,22.12,19.93,20.93,19.18,19.18,19.68,21.00,20.98,19.18,19.40,0,0,0,0,0,1,1,1,1,0.00,1,0,1,0,061,1,0,0,0,10.000,0.096,0.000
2025-05-22,15:10:54,22.12,19.93,20.93,19.18,19.12,19.62,21.00,20.98,19.15,19.40,0,0,0,0,0,1,1,1,1,0.00,1,0,1,0,061,1,0,0,0,10.000,0.096,0.000
2025-05-22,15:11:04,22.12,19.93,20.93,19.18,19.12,19.62,21.00,20.98,19.15,19.40,0,0,0,0,0,1,1,1,1,0.00,1,0,1,0,061,1,0,0,0,10.000,0.096,0.000
2025-05-22,15:11:14,22.12,19.93,20.93,19.18,19.12,19.62,21.00,20.98,19.15,19.40,0,0,0,0,0,1,1,1,1,0.00,1,0,1,0,061,1,0,0,0,10.000,0.096,0.000
2025-05-22,15:11:26,22.12,19.93,20.93,19.12,19.06,19.56,21.00,20.98,19.09,19.40,0,0,0,0,0,1,1,1,1,0.02,0,0,1,0,061,1,0,0,0,10.000,0.096,0.000
2025-05-22,15:11:36,22.18,19.93,20.93,19.12,19.06,19.62,21.02,20.98,19.09,19.40,0,0,0,0,0,1,1,1,1,0.00,0,0,1,0,061,1,0,0,0,10.000,0.096,0.000
2025-05-22,15:11:46,22.18,19.93,20.93,19.06,19.06,19.62,21.02,20.98,19.06,19.40,0,0,0,0,0,1,1,1,1,0.00,0,0,1,0,061,1,0,0,0,10.000,0.096,0.000
2025-05-22,15:11:56,22.18,19.93,20.87,19.06,19.00,19.62,21.00,20.97,19.03,19.40,0,0,0,0,0,1,1,1,1,0.00,0,0,1,0,061,1,1,0,0,10.000,0.096,0.000
2025-05-22,15:12:06,22.18,19.93,20.87,19.06,19.00,19.62,21.00,20.97,19.03,19.40,0,0,0,0,0,1,1,1,1,0.00,0,0,1,0,061,1,1,0,0,10.000,0.096,0.000
2025-05-22,15:12:16,22.12,19.93,20.93,19.06,19.00,19.62,21.00,20.97,19.03,19.40,0,0,0,0,0,1,1,1,1,0.00,0,0,1,0,061,1,1,0,0,10.000,0.096,0.000
2025-05-22,15:12:26,22.12,19.93,20.93,19.06,19.00,19.68,21.00,20.97,19.03,19.40,0,0,0,0,0,1,1,1,1,0.00,0,0,1,0,061,1,0,0,0,10.000,0.096,0.000
2025-05-22,15:12:36,22.12,19.93,20.87,19.00,19.00,19.68,20.97,20.97,19.00,19.40,0,0,0,0,0,1,1,1,1,0.00,0,0,1,0,061,1,1,0,0,10.000,0.096,0.000
2025-05-22,15:12:46,22.12,19.93,20.87,19.00,18.93,19.68,20.97,20.97,18.96,19.40,0,0,0,0,0,1,1,1,1,0.00,0,0,1,0,061,1,0,0,0,10.000,0.096,0.000
2025-05-22,15:12:56,22.12,19.93,20.87,19.00,18.93,19.68,20.97,20.97,18.96,19.40,0,0,0,0,0,1,1,1,1,0.00,0,0,1,0,061,1,0,0,0,10.000,0.096,0.000
2025-05-22,15:13:06,22.12,19.93,20.87,19.00,18.93,19.68,20.97,20.97,18.96,19.40,0,0,0,0,0,1,1,1,1,0.00,0,0,1,0,061,1,0,0,0,10.000,0.096,0.000
2025-05-22,15:13:16,22.12,19.93,20.87,18.93,18.93,19.68,20.97,20.97,18.93,19.40,0,0,0,0,0,1,1,1,1,0.00,0,0,1,0,061,1,0,0,0,10.000,0.096,0.000
2025-05-22,15:13:26,22.12,19.93,20.87,19.00,18.93,19.68,20.97,20.97,18.96,19.40,0,0,0,0,0,1,1,1,1,0.00,0,0,1,0,061,1,0,0,0,10.000,0.096,0.000
2025-05-22,15:13:36,22.12,19.87,20.87,18.93,18.93,19.68,20.95,20.97,18.93,19.40,0,0,0,0,0,1,1,1,1,0.00,0,0,1,0,061,1,0,0,0,10.000,0.096,0.000
2025-05-22,15:13:46,22.12,19.93,20.87,18.93,18.93,19.68,20.97,20.97,18.93,19.40,0,0,0,0,0,1,1,1,1,0.00,0,0,1,0,061,1,0,0,0,10.000,0.096,0.000
2025-05-22,15:13:56,22.12,19.93,20.87,18.93,18.93,19.68,20.97,20.97,18.93,19.40,0,0,0,0,0,1,1,1,1,0.00,0,0,1,0,061,1,0,0,0,10.000,0.096,0.000
2025-05-22,15:14:06,22.12,19.93,20.87,18.93,18.93,19.68,20.97,20.97,18.93,19.40,0,0,0,0,0,1,1,1,1,0.00,0,0,1,0,061,1,0,0,0,10.000,0.096,0.000
2025-05-22,15:14:16,22.12,19.93,20.87,18.93,18.93,19.68,20.97,20.97,18.93,19.40,0,0,0,0,0,1,1,1,1,0.00,0,0,1,0,061,1,0,0,0,10.000,0.096,0.000
2025-05-22,15:14:26,22.12,19.93,20.87,18.93,18.93,19.68,20.97,20.97,18.93,19.40,0,0,0,0,0,1,1,1,1,0.00,0,0,1,0,061,1,0,0,0,10.000,0.096,0.000
2025-05-22,15:14:36,22.18,19.93,20.87,18.93,18.93,19.62,21.00,20.97,18.93,19.40,0,0,0,0,0,1,1,1,1,0.00,0,0,1,0,061,1,0,0,0,10.000,0.096,0.000
2025-05-22,15:14:46,22.12,19.93,20.87,18.87,18.87,19.68,20.97,20.97,18.87,19.40,0,0,0,0,0,1,1,1,1,0.00,0,1,1,0,061,1,0,0,0,10.000,0.096,0.000
2025-05-22,15:14:56,22.12,19.93,20.87,18.87,18.87,19.62,20.97,20.97,18.87,19.40,0,0,0,0,0,1,1,1,1,0.00,0,1,1,0,061,1,0,0,0,10.000,0.096,0.000
2025-05-22,15:15:06,22.18,19.93,20.87,18.93,18.87,19.62,21.00,20.97,18.90,19.40,0,0,0,0,0,1,1,1,1,0.00,0,1,1,0,061,1,1,0,0,10.000,0.096,0.000
2025-05-22,15:15:16,22.18,19.93,20.93,18.93,18.87,19.62,21.02,20.97,18.90,19.40,0,0,0,0,0,1,1,1,1,0.00,0,0,1,0,061,1,1,0,0,10.000,0.096,0.000
2025-05-22,15:15:26,22.18,19.93,20.87,18.87,18.87,19.62,21.00,20.97,18.87,19.40,0,0,0,0,0,1,1,1,1,0.00,0,0,1,0,061,1,0,0,0,10.000,0.096,0.000
2025-05-22,15:15:36,22.12,19.93,20.87,18.87,18.93,19.56,20.97,20.97,18.90,19.40,0,0,0,0,0,1,1,1,1,0.00,0,1,1,0,061,1,1,0,0,10.000,0.096,0.000
2025-05-22,15:15:46,22.12,19.93,20.87,18.87,18.87,19.56,20.97,20.97,18.87,19.40,0,0,0,0,0,1,1,1,1,0.00,0,1,1,0,061,1,0,0,0,10.000,0.096,0.000
2025-05-22,15:15:56,22.12,19.93,20.87,18.87,18.93,19.56,20.97,20.97,18.90,19.40,0,0,0,0,0,1,1,1,1,0.00,0,1,1,0,061,1,1,0,0,10.000,0.096,0.000
2025-05-22,15:16:06,22.12,19.93,20.87,18.87,18.87,19.56,20.97,20.97,18.87,19.40,0,0,0,0,0,1,1,1,1,0.00,0,1,1,0,061,1,0,0,0,10.000,0.096,0.000
2025-05-22,15:16:16,22.12,19.93,20.87,18.87,18.87,19.50,20.97,20.97,18.87,19.40,0,0,0,0,0,1,1,1,1,0.00,0,0,1,0,061,1,0,0,0,10.000,0.096,0.000
2025-05-22,15:16:26,22.12,19.93,20.87,18.87,18.87,19.50,20.97,20.97,18.87,19.40,0,0,0,0,0,1,1,1,1,0.00,0,1,1,0,061,1,0,0,0,10.000,0.096,0.000
2025-05-22,15:16:36,22.12,19.93,20.87,18.87,18.87,19.50,20.97,20.97,18.87,19.40,0,0,0,0,0,1,1,1,1,0.00,0,1,1,0,061,1,0,0,0,10.000,0.096,0.000
2025-05-22,15:16:46,22.12,19.93,20.87,18.87,18.93,19.43,20.97,20.97,18.90,19.40,0,0,0,0,0,1,1,1,1,0.00,0,0,1,0,061,1,0,0,0,10.000,0.096,0.000
2025-05-22,15:16:56,22.12,19.87,20.87,18.87,18.93,19.43,20.95,20.97,18.90,19.40,0,0,0,0,0,1,1,1,1,0.00,0,0,1,0,061,1,1,0,0,10.000,0.096,0.000
2025-05-22,15:17:06,22.12,19.93,20.87,18.87,18.93,19.37,20.97,20.97,18.90,19.40,0,0,0,0,0,1,1,1,1,0.00,0,0,1,0,061,1,1,0,0,10.000,0.096,0.000
2025-05-22,15:17:16,22.18,19.93,20.87,18.87,18.93,19.37,21.00,20.97,18.90,19.40,0,0,0,0,0,1,1,1,1,0.00,0,0,1,0,061,1,0,0,0,10.000,0.096,0.000
2025-05-22,15:17:26,22.12,19.93,20.87,18.87,18.93,19.37,20.97,20.97,18.90,19.40,0,0,0,0,0,1,1,1,1,0.00,0,0,1,0,061,1,1,0,0,10.000,0.096,0.000
2025-05-22,15:17:36,22.12,19.93,20.87,18.93,18.93,19.37,20.97,20.97,18.93,19.40,0,0,0,0,0,1,1,1,1,0.00,0,0,1,0,061,1,1,0,0,10.000,0.096,0.000
2025-05-22,15:17:46,22.12,19.93,20.87,18.93,18.93,19.31,20.97,20.97,18.93,19.40,0,0,0,0,0,1,1,1,1,0.00,0,0,1,0,061,1,0,0,0,10.000,0.096,0.000
2025-05-22,15:17:56,22.12,19.93,20.87,18.93,19.00,19.31,20.97,20.96,18.96,19.40,0,0,0,0,0,1,1,1,1,0.00,0,0,1,0,061,1,0,0,0,10.000,0.096,0.000
2025-05-22,15:18:06,22.12,19.93,20.87,18.93,19.00,19.31,20.97,20.96,18.96,19.40,0,0,0,0,0,1,1,1,1,0.00,0,0,1,0,061,1,0,0,0,10.000,0.096,0.000
2025-05-22,15:18:16,22.12,19.93,20.87,18.93,19.00,19.37,20.97,20.96,18.96,19.40,0,0,0,0,0,1,1,1,1,0.00,0,0,1,0,061,1,0,0,0,10.000,0.096,0.000
2025-05-22,15:18:26,22.12,19.93,20.87,18.93,19.00,19.37,20.97,20.96,18.96,19.40,0,0,0,0,0,1,1,1,1,0.00,0,0,1,0,061,1,0,0,0,10.000,0.096,0.000
2025-05-22,15:18:36,22.18,19.93,20.87,18.93,19.00,19.37,21.00,20.96,18.96,19.40,0,0,0,0,0,1,1,1,1,0.00,0,0,1,0,061,1,1,0,0,10.000,0.096,0.000
2025-05-22,15:18:46,22.18,19.93,20.87,18.93,19.00,19.37,21.00,20.96,18.96,19.40,0,0,0,0,0,1,1,1,1,0.00,0,0,1,0,061,1,0,0,0,10.000,0.096,0.000
2025-05-22,15:18:56,22.18,19.93,20.87,18.93,19.00,19.37,21.00,20.96,18.96,19.40,0,0,0,0,0,1,1,1,1,0.00,0,0,1,0,061,1,1,0,0,10.000,0.096,0.000
2025-05-22,15:19:06,22.12,19.93,20.87,19.00,19.06,19.37,20.97,20.96,19.03,19.40,0,0,0,0,0,1,1,1,1,0.00,0,0,1,0,061,1,1,0,0,10.000,0.096,0.000
2025-05-22,15:19:16,22.12,19.93,20.87,19.00,19.00,19.37,20.97,20.96,19.00,19.40,0,0,0,0,0,1,1,1,1,0.00,0,0,1,0,061,1,0,0,0,10.000,0.096,0.000
2025-05-22,15:19:26,22.12,19.93,20.87,19.00,19.00,19.37,20.97,20.96,19.00,19.40,0,0,0,0,0,1,1,1,1,0.00,0,0,1,0,061,1,1,0,0,10.000,0.096,0.000
2025-05-22,15:19:36,22.12,19.93,20.87,19.00,19.06,19.43,20.97,20.96,19.03,19.40,0,0,0,0,0,1,1,1,1,0.00,0,0,1,0,061,1,0,0,0,10.000,0.096,0.000
2025-05-22,15:19:46,22.12,19.87,20.87,19.00,19.06,19.43,20.95,20.96,19.03,19.40,0,0,0,0,0,1,1,1,1,0.09,0,0,1,0,061,1,0,0,0,10.000,0.096,0.000
2025-05-22,15:19:56,22.12,19.93,20.87,19.00,19.06,19.43,20.97,20.96,19.03,19.40,0,0,0,0,0,1,1,1,1,0.00,0,0,1,0,061,1,0,0,0,10.000,0.096,0.000
2025-05-22,15:20:06,22.12,19.93,20.87,19.00,19.06,19.43,20.97,20.96,19.03,19.40,0,0,0,0,0,1,1,1,1,0.00,0,0,1,0,061,1,0,0,0,10.000,0.096,0.000
2025-05-22,15:20:16,22.12,19.93,20.87,19.00,19.06,19.50,20.97,20.96,19.03,19.40,0,0,0,0,0,1,1,1,1,0.00,0,0,1,0,061,1,0,0,0,10.000,0.096,0.000
2025-05-22,15:20:26,22.12,19.93,20.87,19.00,19.06,19.50,20.97,20.96,19.03,19.40,0,0,0,0,0,1,1,1,1,0.07,0,0,1,0,061,1,0,0,0,10.000,0.096,0.000
2025-05-22,15:20:36,22.12,19.93,20.81,19.06,19.06,19.50,20.95,20.96,19.06,19.40,0,0,0,0,0,1,1,1,1,0.07,0,0,1,0,061,1,0,0,0,10.000,0.096,0.000
2025-05-22,15:20:46,22.12,19.93,20.87,19.00,19.06,19.50,20.97,20.96,19.03,19.40,0,0,0,0,0,1,1,1,1,0.07,0,0,1,0,061,1,0,0,0,10.000,0.096,0.000
2025-05-22,15:20:56,22.18,19.93,20.87,19.06,19.06,19.43,21.00,20.96,19.06,19.40,0,0,0,0,0,1,1,1,1,0.00,0,0,1,0,061,1,0,0,0,10.000,0.096,0.000
2025-05-22,15:21:06,22.12,19.93,20.87,19.06,19.06,19.43,20.97,20.96,19.06,19.40,0,0,0,0,0,1,1,1,1,0.00,0,0,1,0,061,1,0,0,0,10.000,0.096,0.000
2025-05-22,15:21:16,22.12,19.93,20.87,19.06,19.06,19.43,20.97,20.96,19.06,19.40,0,0,0,0,0,1,1,1,1,0.00,0,0,1,0,061,1,0,0,0,10.000,0.096,0.000
2025-05-22,15:21:26,22.12,19.93,20.87,19.06,19.06,19.43,20.97,20.96,19.06,19.40,0,0,0,0,0,1,1,1,1,0.00,0,0,1,0,061,1,1,0,0,10.000,0.096,0.000
2025-05-22,15:21:36,22.18,19.93,20.87,19.06,19.12,19.50,21.00,20.96,19.09,19.40,0,0,0,0,0,1,1,1,1,0.00,0,0,1,0,061,1,1,0,0,10.000,0.096,0.000
2025-05-22,15:21:46,22.12,19.93,20.87,19.06,19.06,19.43,20.97,20.96,19.06,19.40,0,0,0,0,0,1,1,1,1,0.00,0,0,1,0,061,1,0,0,0,10.000,0.096,0.000
2025-05-22,15:21:56,22.12,19.93,20.87,19.06,19.12,19.43,20.97,20.96,19.09,19.40,0,0,0,0,0,1,1,1,1,0.00,0,0,1,0,061,1,0,0,0,10.000,0.096,0.000
2025-05-22,15:22:06,22.12,19.93,20.87,19.06,19.12,19.43,20.97,20.96,19.09,19.40,0,0,0,0,0,1,1,1,1,0.00,0,0,1,0,061,1,0,0,0,10.000,0.096,0.000
2025-05-22,15:22:16,22.12,19.93,20.87,19.06,19.12,19.43,20.97,20.96,19.09,19.40,0,0,0,0,0,1,1,1,1,0.04,0,0,1,0,061,1,0,0,0,10.000,0.096,0.000
2025-05-22,15:22:26,22.12,19.93,20.87,19.06,19.12,19.43,20.97,20.96,19.09,19.40,0,0,0,0,0,1,1,1,1,0.00,0,0,1,0,061,1,0,0,0,10.000,0.096,0.000
2025-05-22,15:22:36,22.18,19.93,20.87,19.12,19.12,19.43,21.00,20.96,19.12,19.40,0,0,0,0,0,1,1,1,1,0.00,0,0,1,0,061,1,0,0,0,10.000,0.096,0.000
2025-05-22,15:22:46,22.12,19.93,20.87,19.06,19.12,19.37,20.97,20.96,19.09,19.40,0,0,0,0,0,1,1,1,1,0.00,0,0,1,0,061,1,0,0,0,10.000,0.096,0.000
2025-05-22,15:22:58,22.12,19.93,20.81,19.06,19.12,19.37,20.95,20.96,19.09,19.40,0,0,0,0,0,1,1,1,1,0.00,1,0,1,0,061,1,1,0,0,10.000,0.096,0.000
2025-05-22,15:23:11,22.12,19.93,20.87,19.06,19.12,19.37,20.97,20.96,19.09,19.40,0,0,0,0,0,1,1,1,1,0.00,0,0,1,0,061,1,0,0,0,10.000,0.096,0.000
2025-05-22,15:23:21,22.12,19.93,20.87,19.06,19.12,19.37,20.97,20.96,19.09,19.40,0,0,0,0,0,1,1,1,1,0.00,0,0,1,0,061,1,0,0,0,10.000,0.096,0.000
2025-05-22,15:23:31,22.12,19.93,20.87,19.12,19.12,19.37,20.97,20.96,19.12,19.40,0,0,0,0,0,1,1,1,1,0.00,0,0,1,0,061,1,0,0,0,10.000,0.096,0.000
2025-05-22,15:23:41,22.12,19.93,20.87,19.12,19.12,19.37,20.97,20.96,19.12,19.40,0,0,0,0,0,1,1,1,1,0.00,0,0,1,0,061,1,0,0,0,10.000,0.096,0.000
2025-05-22,15:23:51,22.12,19.93,20.87,19.06,19.12,19.37,20.97,20.96,19.09,19.40,0,0,0,0,0,1,1,1,1,0.00,0,0,1,0,061,1,0,0,0,10.000,0.096,0.000
2025-05-22,15:24:01,22.12,19.93,20.81,19.12,19.12,19.37,20.95,20.95,19.12,19.40,0,0,0,0,0,1,1,1,1,0.01,0,0,1,0,061,1,0,0,0,10.000,0.096,0.000
2025-05-22,15:24:11,22.12,19.93,20.87,19.12,19.12,19.37,20.97,20.95,19.12,19.40,0,0,0,0,0,1,1,1,1,0.00,0,0,1,0,061,1,0,0,0,10.000,0.096,0.000
2025-05-22,15:24:21,22.18,19.93,20.81,19.12,19.12,19.37,20.97,20.95,19.12,19.40,0,0,0,0,0,1,1,1,1,0.00,0,0,1,0,061,1,1,0,0,10.000,0.096,0.000
2025-05-22,15:24:31,22.18,19.93,20.87,19.12,19.18,19.43,21.00,20.95,19.15,19.40,0,0,0,0,0,1,1,1,1,0.00,0,0,1,0,061,1,1,0,0,10.000,0.096,0.000
2025-05-22,15:24:41,22.12,19.93,20.87,19.12,19.12,19.43,20.97,20.95,19.12,19.40,0,0,0,0,0,1,1,1,1,0.00,0,0,1,0,061,1,1,0,0,10.000,0.096,0.000
2025-05-22,15:24:51,22.12,19.93,20.87,19.12,19.12,19.43,20.97,20.95,19.12,19.40,0,0,0,0,0,1,1,1,1,0.00,0,0,1,0,061,1,1,0,0,10.000,0.096,0.000
2025-05-22,15:25:01,22.12,19.93,20.81,19.12,19.12,19.43,20.95,20.95,19.12,19.40,0,0,0,0,0,1,1,1,1,0.00,0,0,1,0,061,1,1,0,0,10.000,0.096,0.000
2025-05-22,15:25:13,22.12,19.87,20.87,19.12,19.18,19.43,20.95,20.95,19.15,19.40,0,0,0,0,0,1,1,1,1,0.00,1,0,1,0,061,1,0,0,0,10.000,0.096,0.000
2025-05-22,15:25:23,22.12,19.93,20.87,19.12,19.12,19.43,20.97,20.95,19.12,19.40,0,0,0,0,0,1,1,1,1,0.00,1,0,1,0,061,1,0,0,0,10.000,0.096,0.000
2025-05-22,15:25:33,22.06,19.87,20.87,19.12,19.12,19.43,20.93,20.95,19.12,19.40,0,0,0,0,0,1,1,1,1,0.20,1,0,1,0,061,1,0,0,0,10.000,0.096,0.000
2025-05-22,15:25:43,22.06,19.93,20.87,19.12,19.12,19.43,20.95,20.95,19.12,19.40,0,0,0,0,0,1,1,1,1,0.41,1,0,1,0,061,1,0,0,0,10.000,0.096,0.000
2025-05-22,15:25:53,22.06,19.93,20.81,19.12,19.12,19.43,20.93,20.95,19.12,19.40,0,0,0,0,0,1,1,1,1,0.20,1,0,1,0,061,1,0,0,0,10.000,0.096,0.000
2025-05-22,15:26:03,22.06,19.87,20.81,19.12,19.12,19.43,20.91,20.95,19.12,19.40,0,0,0,0,0,1,1,1,1,0.41,1,0,1,0,061,1,0,0,0,10.000,0.096,0.000
2025-05-22,15:26:13,22.06,19.87,20.81,19.12,19.12,19.43,20.91,20.95,19.12,19.40,0,0,0,0,0,1,1,1,1,0.42,1,0,1,0,061,1,0,0,0,10.000,0.096,0.000
2025-05-22,15:26:23,22.06,19.87,20.81,19.12,19.12,19.43,20.91,20.95,19.12,19.40,0,0,0,0,0,1,1,1,1,0.42,1,0,1,0,061,1,0,0,0,10.000,0.096,0.000
2025-05-22,15:26:33,22.06,19.87,20.81,19.12,19.18,19.43,20.91,20.95,19.15,19.40,0,0,0,0,0,1,1,1,1,0.22,1,0,1,0,061,1,0,0,0,10.000,0.096,0.000
2025-05-22,15:26:43,22.06,19.87,20.81,19.12,19.12,19.43,20.91,20.95,19.12,19.40,0,0,0,0,0,1,1,1,1,0.44,1,0,1,0,061,1,0,0,0,10.000,0.096,0.000
2025-05-22,15:26:53,22.06,19.87,20.81,19.12,19.18,19.43,20.91,20.95,19.15,19.40,0,0,0,0,0,1,1,1,1,0.44,1,0,1,0,061,1,0,0,0,10.000,0.096,0.000
2025-05-22,15:27:03,22.06,19.87,20.81,19.12,19.18,19.43,20.91,20.95,19.15,19.40,0,0,0,0,0,1,1,1,1,0.45,1,0,1,0,061,1,0,0,0,10.000,0.096,0.000
2025-05-22,15:27:13,22.06,19.87,20.81,19.12,19.12,19.37,20.91,20.95,19.12,19.40,0,0,0,0,0,1,1,1,1,0.45,1,0,1,0,061,1,0,0,0,10.000,0.096,0.000
2025-05-22,15:27:23,22.06,19.93,20.81,19.12,19.18,19.43,20.93,20.95,19.15,19.40,0,0,0,0,0,1,1,1,1,0.25,1,0,1,0,061,1,0,0,0,10.000,0.096,0.000
2025-05-22,15:27:33,22.06,19.87,20.81,19.12,19.18,19.37,20.91,20.95,19.15,19.40,0,0,0,0,0,1,1,1,1,0.25,1,0,1,0,061,1,0,0,0,10.000,0.096,0.000
2025-05-22,15:27:43,22.12,19.93,20.81,19.12,19.12,19.37,20.95,20.95,19.12,19.40,0,0,0,0,0,1,1,1,1,0.25,1,0,1,0,061,1,0,0,0,10.000,0.096,0.000
2025-05-22,15:27:53,22.12,19.93,20.81,19.12,19.12,19.37,20.95,20.95,19.12,19.40,0,0,0,0,0,1,1,1,1,0.04,1,0,1,0,061,1,0,0,0,10.000,0.096,0.000
2025-05-22,15:28:03,22.12,19.87,20.87,19.12,19.12,19.37,20.95,20.95,19.12,19.40,0,0,0,0,0,1,1,1,1,0.25,1,0,1,0,061,1,0,0,0,10.000,0.096,0.000
2025-05-22,15:28:13,22.12,19.93,20.81,19.12,19.12,19.31,20.95,20.95,19.12,19.40,0,0,0,0,0,1,1,1,1,0.03,1,0,1,0,061,1,1,0,0,10.000,0.096,0.000
2025-05-22,15:28:23,22.12,19.93,20.81,19.12,19.12,19.25,20.95,20.95,19.12,19.40,0,0,0,0,0,1,1,1,1,0.03,1,0,1,0,061,1,0,0,0,10.000,0.096,0.000
2025-05-22,15:28:33,22.12,19.93,20.81,19.12,19.12,19.25,20.95,20.95,19.12,19.40,0,0,0,0,0,1,1,1,1,0.02,1,0,1,0,061,1,0,0,0,10.000,0.096,0.000
2025-05-22,15:28:43,22.12,19.93,20.81,19.12,19.12,19.25,20.95,20.95,19.12,19.40,0,0,0,0,0,1,1,1,1,0.23,1,0,1,0,061,1,0,0,0,10.000,0.096,0.000
2025-05-22,15:28:55,22.12,19.93,20.81,19.06,19.06,19.18,20.95,20.95,19.06,19.40,0,0,0,0,0,1,1,1,1,0.01,0,0,1,0,061,1,0,0,0,10.000,0.096,0.000
2025-05-22,15:29:05,22.12,19.93,20.81,19.12,19.06,19.18,20.95,20.95,19.09,19.40,0,0,0,0,0,1,1,1,1,0.01,0,0,1,0,061,1,0,0,0,10.000,0.096,0.000
2025-05-22,15:29:15,22.12,19.93,20.81,19.06,19.06,19.18,20.95,20.95,19.06,19.40,0,0,0,0,0,1,1,1,1,0.01,0,0,1,0,061,1,0,0,0,10.000,0.096,0.000
2025-05-22,15:29:25,22.12,19.93,20.81,19.06,19.06,19.18,20.95,20.95,19.06,19.40,0,0,0,0,0,1,1,1,1,0.00,0,0,1,0,061,1,0,0,0,10.000,0.096,0.000
2025-05-22,15:29:35,22.12,19.93,20.81,19.06,19.06,19.12,20.95,20.95,19.06,19.40,0,0,0,0,0,1,1,1,1,0.00,0,0,1,0,061,1,0,0,0,10.000,0.096,0.000
2025-05-22,15:29:45,22.12,19.93,20.81,19.06,19.06,19.12,20.95,20.95,19.06,19.40,0,0,0,0,0,1,1,1,1,0.00,0,0,1,0,061,1,0,0,0,10.000,0.096,0.000
2025-05-22,15:29:55,22.18,19.93,20.81,19.06,19.06,19.12,20.97,20.94,19.06,19.40,0,0,0,0,0,1,1,1,1,0.00,0,0,1,0,061,1,1,0,0,10.000,0.096,0.000
2025-05-22,15:30:05,22.12,19.93,20.81,19.06,19.06,19.06,20.95,20.94,19.06,19.40,0,0,0,0,0,1,1,1,1,0.00,0,0,1,0,061,1,0,0,0,10.000,0.096,0.000
2025-05-22,15:30:15,22.12,19.93,20.81,19.06,19.06,19.06,20.95,20.94,19.06,19.40,0,0,0,0,0,1,1,1,1,0.00,0,0,1,0,061,1,0,0,0,10.000,0.096,0.000
2025-05-22,15:30:25,22.12,19.93,20.81,19.06,19.00,19.06,20.95,20.94,19.03,19.40,0,0,0,0,0,1,1,1,1,0.00,0,0,1,0,061,1,1,0,0,10.000,0.096,0.000
2025-05-22,15:30:35,22.12,19.93,20.81,19.06,19.06,19.00,20.95,20.94,19.06,19.40,0,0,0,0,0,1,1,1,1,0.00,0,0,1,0,061,1,0,0,0,10.000,0.096,0.000
2025-05-22,15:30:45,22.12,19.93,20.81,19.06,19.00,19.00,20.95,20.94,19.03,19.40,0,0,0,0,0,1,1,1,1,0.00,0,0,1,0,061,1,0,0,0,10.000,0.096,0.000
2025-05-22,15:30:55,22.12,19.87,20.81,19.00,19.00,19.00,20.93,20.94,19.00,19.40,0,0,0,0,0,1,1,1,1,0.16,0,0,1,0,061,1,0,0,0,10.000,0.096,0.000
2025-05-22,15:31:05,22.12,19.93,20.81,19.00,19.00,19.00,20.95,20.94,19.00,19.40,0,0,0,0,0,1,1,1,1,0.00,0,0,1,0,061,1,0,0,0,10.000,0.096,0.000
2025-05-22,15:31:15,22.12,19.93,20.81,19.00,19.00,19.00,20.95,20.94,19.00,19.40,0,0,0,0,0,1,1,1,1,0.00,0,0,1,0,061,1,0,0,0,10.000,0.096,0.000
2025-05-22,15:31:25,22.12,19.93,20.81,19.00,19.00,19.00,20.95,20.94,19.00,19.40,0,0,0,0,0,1,1,1,1,0.00,0,0,1,0,061,1,0,0,0,10.000,0.096,0.000
2025-05-22,15:31:35,22.12,19.93,20.81,19.00,19.00,19.00,20.95,20.94,19.00,19.40,0,0,0,0,0,1,1,1,1,0.00,0,0,1,0,061,1,0,0,0,10.000,0.096,0.000
2025-05-22,15:31:45,22.18,19.93,20.81,19.00,19.00,19.00,20.97,20.94,19.00,19.40,0,0,0,0,0,1,1,1,1,0.00,0,0,1,0,061,1,0,0,0,10.000,0.096,0.000
2025-05-22,15:31:55,22.12,19.93,20.81,19.00,19.00,19.00,20.95,20.94,19.00,19.40,0,0,0,0,0,1,1,1,1,0.00,0,0,1,0,061,1,0,0,0,10.000,0.096,0.000
2025-05-22,15:32:05,22.18,19.93,20.81,19.00,19.00,19.00,20.97,20.94,19.00,19.40,0,0,0,0,0,1,1,1,1,0.00,0,0,1,0,061,1,0,0,0,10.000,0.096,0.000
2025-05-22,15:32:15,22.18,19.93,20.81,19.00,19.00,19.00,20.97,20.94,19.00,19.40,0,0,0,0,0,1,1,1,1,0.00,0,0,1,0,061,1,0,0,0,10.000,0.096,0.000
2025-05-22,15:32:25,22.12,19.93,20.81,19.00,19.00,19.00,20.95,20.94,19.00,19.40,0,0,0,0,0,1,1,1,1,0.00,0,0,1,0,061,1,0,0,0,10.000,0.096,0.000
2025-05-22,15:32:35,22.12,19.93,20.81,19.00,19.00,19.06,20.95,20.94,19.00,19.40,0,0,0,0,0,1,1,1,1,0.00,0,0,1,0,061,1,1,0,0,10.000,0.096,0.000
2025-05-22,15:32:45,22.12,19.93,20.81,19.00,19.00,19.06,20.95,20.94,19.00,19.40,0,0,0,0,0,1,1,1,1,0.00,0,0,1,0,061,1,0,0,0,10.000,0.096,0.000
2025-05-22,15:32:55,22.12,19.93,20.81,19.00,19.00,19.06,20.95,20.94,19.00,19.40,0,0,0,0,0,1,1,1,1,0.00,0,0,1,0,061,1,0,0,0,10.000,0.096,0.000
2025-05-22,15:33:05,22.12,19.93,20.81,19.00,19.00,19.06,20.95,20.94,19.00,19.40,0,0,0,0,0,1,1,1,1,0.00,0,0,1,0,061,1,0,0,0,10.000,0.096,0.000
2025-05-22,15:33:15,22.12,19.87,20.81,19.00,19.00,19.12,20.93,20.94,19.00,19.40,0,0,0,0,0,1,1,1,1,0.00,0,0,1,0,061,1,0,0,0,10.000,0.096,0.000
2025-05-22,15:33:25,22.12,19.93,20.81,19.00,19.00,19.12,20.95,20.94,19.00,19.40,0,0,0,0,0,1,1,1,1,0.00,0,0,1,0,061,1,0,0,0,10.000,0.096,0.000
2025-05-22,15:33:35,22.12,19.93,20.81,19.00,19.00,19.12,20.95,20.94,19.00,19.40,0,0,0,0,0,1,1,1,1,0.00,0,0,1,0,061,1,0,0,0,10.000,0.096,0.000
2025-05-22,15:33:45,22.12,19.93,20.81,19.00,19.00,19.12,20.95,20.94,19.00,19.40,0,0,0,0,0,1,1,1,1,0.00,0,0,1,0,061,1,0,0,0,10.000,0.096,0.000
2025-05-22,15:33:55,22.12,19.93,20.81,19.00,19.00,19.18,20.95,20.94,19.00,19.40,0,0,0,0,0,1,1,1,1,0.00,0,0,1,0,061,1,0,0,0,10.000,0.096,0.000
2025-05-22,15:34:05,22.12,19.93,20.81,19.00,19.00,19.18,20.95,20.94,19.00,19.40,0,0,0,0,0,1,1,1,1,0.00,0,0,1,0,061,1,0,0,0,10.000,0.096,0.000
2025-05-22,15:34:15,22.12,19.93,20.81,19.00,19.00,19.18,20.95,20.94,19.00,19.40,0,0,0,0,0,1,1,1,1,0.00,0,0,1,0,061,1,0,0,0,10.000,0.096,0.000
2025-05-22,15:34:25,22.12,19.93,20.81,19.00,19.00,19.18,20.95,20.94,19.00,19.40,0,0,0,0,0,1,1,1,1,0.00,0,0,1,0,061,1,0,0,0,10.000,0.096,0.000
2025-05-22,15:34:35,22.18,19.93,20.81,19.00,19.00,19.18,20.97,20.94,19.00,19.40,0,0,0,0,0,1,1,1,1,0.00,0,0,1,0,061,1,1,0,0,10.000,0.096,0.000
2025-05-22,15:34:45,22.12,19.93,20.81,19.00,19.00,19.18,20.95,20.94,19.00,19.40,0,0,0,0,0,1,1,1,1,0.00,0,0,1,0,061,1,0,0,0,10.000,0.096,0.000
2025-05-22,15:34:55,22.12,19.93,20.81,19.00,19.00,19.18,20.95,20.94,19.00,19.40,0,0,0,0,0,1,1,1,1,0.00,0,0,1,0,061,1,0,0,0,10.000,0.096,0.000
2025-05-22,15:35:05,22.12,19.93,20.81,19.00,19.00,19.18,20.95,20.94,19.00,19.40,0,0,0,0,0,1,1,1,1,0.04,0,0,1,0,061,1,0,0,0,10.000,0.096,0.000
2025-05-22,15:35:15,22.12,19.93,20.81,19.00,19.00,19.18,20.95,20.94,19.00,19.40,0,0,0,0,0,1,1,1,1,0.00,0,0,1,0,061,1,0,0,0,10.000,0.096,0.000
2025-05-22,15:35:25,22.12,19.93,20.81,19.00,19.00,19.18,20.95,20.94,19.00,19.40,0,0,0,0,0,1,1,1,1,0.00,0,0,1,0,061,1,0,0,0,10.000,0.096,0.000
2025-05-22,15:35:35,22.12,19.87,20.81,19.00,19.06,19.18,20.93,20.94,19.03,19.40,0,0,0,0,0,1,1,1,1,0.00,0,0,1,0,061,1,1,0,0,10.000,0.096,0.000
2025-05-22,15:35:45,22.12,19.93,20.81,19.00,19.00,19.18,20.95,20.94,19.00,19.40,0,0,0,0,0,1,1,1,1,0.00,0,0,1,0,061,1,1,0,0,10.000,0.096,0.000
2025-05-22,15:35:55,22.12,19.87,20.81,19.00,19.00,19.18,20.93,20.93,19.00,19.40,0,0,0,0,0,1,1,1,1,0.00,0,0,1,0,061,1,0,0,0,10.000,0.096,0.000
2025-05-22,15:36:05,22.12,19.87,20.81,19.00,19.06,19.18,20.93,20.93,19.03,19.40,0,0,0,0,0,1,1,1,1,0.02,0,0,1,0,061,1,0,0,0,10.000,0.096,0.000
2025-05-22,15:36:15,22.12,19.93,20.81,19.00,19.00,19.25,20.95,20.93,19.00,19.40,0,0,0,0,0,1,1,1,1,0.00,0,0,1,0,061,1,0,0,0,10.000,0.096,0.000
2025-05-22,15:36:25,22.12,19.93,20.81,19.00,19.00,19.25,20.95,20.93,19.00,19.40,0,0,0,0,0,1,1,1,1,0.00,0,0,1,0,061,1,0,0,0,10.000,0.096,0.000
2025-05-22,15:36:35,22.18,19.87,20.81,19.00,19.00,19.25,20.95,20.93,19.00,19.40,0,0,0,0,0,1,1,1,1,0.00,0,0,1,0,061,1,0,0,0,10.000,0.096,0.000
2025-05-22,15:36:45,22.18,19.93,20.81,19.00,19.06,19.25,20.97,20.93,19.03,19.40,0,0,0,0,0,1,1,1,1,0.00,0,0,1,0,061,1,1,0,0,10.000,0.096,0.000
2025-05-22,15:36:55,22.12,19.93,20.81,19.00,19.06,19.31,20.95,20.93,19.03,19.40,0,0,0,0,0,1,1,1,1,0.00,0,0,1,0,061,1,1,0,0,10.000,0.096,0.000
2025-05-22,15:37:05,22.12,19.93,20.81,19.00,19.06,19.31,20.95,20.93,19.03,19.40,0,0,0,0,0,1,1,1,1,0.00,0,0,1,0,061,1,0,0,0,10.000,0.096,0.000
2025-05-22,15:37:15,22.12,19.93,20.81,19.00,19.06,19.31,20.95,20.93,19.03,19.40,0,0,0,0,0,1,1,1,1,0.00,0,0,1,0,061,1,0,0,0,10.000,0.096,0.000
2025-05-22,15:37:25,22.12,19.87,20.81,19.00,19.06,19.31,20.93,20.93,19.03,19.40,0,0,0,0,0,1,1,1,1,0.00,0,0,1,0,061,1,0,0,0,10.000,0.096,0.000
2025-05-22,15:37:35,22.12,19.87,20.81,19.00,19.06,19.31,20.93,20.93,19.03,19.40,0,0,0,0,0,1,1,1,1,0.00,0,0,1,0,061,1,1,0,0,10.000,0.096,0.000
2025-05-22,15:37:45,22.12,19.87,20.81,19.00,19.00,19.31,20.93,20.93,19.00,19.40,0,0,0,0,0,1,1,1,1,0.00,0,0,1,0,061,1,0,0,0,10.000,0.096,0.000
2025-05-22,15:37:55,22.12,19.87,20.81,19.00,19.06,19.31,20.93,20.93,19.03,19.40,0,0,0,0,0,1,1,1,1,0.00,0,0,1,0,061,1,0,0,0,10.000,0.096,0.000
2025-05-22,15:38:05,22.12,19.87,20.81,19.00,19.06,19.31,20.93,20.93,19.03,19.40,0,0,0,0,0,1,1,1,1,0.00,0,0,1,0,061,1,0,0,0,10.000,0.096,0.000
2025-05-22,15:38:15,22.12,19.87,20.75,19.06,19.06,19.31,20.91,20.93,19.06,19.40,0,0,0,0,0,1,1,1,1,0.00,0,0,1,0,061,1,0,0,0,10.000,0.096,0.000
2025-05-22,15:38:25,22.12,19.87,20.81,19.00,19.06,19.31,20.93,20.93,19.03,19.40,0,0,0,0,0,1,1,1,1,0.00,0,0,1,0,061,1,0,0,0,10.000,0.096,0.000
2025-05-22,15:38:35,22.12,19.87,20.81,19.00,19.06,19.31,20.93,20.93,19.03,19.40,0,0,0,0,0,1,1,1,1,0.19,0,0,1,0,061,1,0,0,0,10.000,0.096,0.000
2025-05-22,15:38:45,22.12,19.87,20.75,19.00,19.06,19.31,20.91,20.93,19.03,19.40,0,0,0,0,0,1,1,1,1,0.19,0,0,1,0,061,1,0,0,0,10.000,0.096,0.000
2025-05-22,15:38:55,22.12,19.87,20.81,19.00,19.06,19.37,20.93,20.93,19.03,19.40,0,0,0,0,0,1,1,1,1,0.00,0,0,1,0,061,1,0,0,0,10.000,0.096,0.000
2025-05-22,15:39:05,22.12,19.87,20.81,19.00,19.06,19.37,20.93,20.93,19.03,19.40,0,0,0,0,0,1,1,1,1,0.00,0,0,1,0,061,1,0,0,0,10.000,0.096,0.000
2025-05-22,15:39:15,22.12,19.87,20.81,19.06,19.06,19.31,20.93,20.93,19.06,19.40,0,0,0,0,0,1,1,1,1,0.00,0,0,1,0,061,1,0,0,0,10.000,0.096,0.000
2025-05-22,15:39:25,22.12,19.87,20.81,19.06,19.06,19.37,20.93,20.93,19.06,19.40,0,0,0,0,0,1,1,1,1,0.00,0,0,1,0,061,1,0,0,0,10.000,0.096,0.000
2025-05-22,15:39:35,22.12,19.87,20.81,19.06,19.06,19.37,20.93,20.93,19.06,19.40,0,0,0,0,0,1,1,1,1,0.00,0,0,1,0,061,1,0,0,0,10.000,0.096,0.000
2025-05-22,15:39:45,22.12,19.93,20.81,19.06,19.06,19.37,20.95,20.93,19.06,19.40,0,0,0,0,0,1,1,1,1,0.00,0,0,1,0,061,1,0,0,0,10.000,0.096,0.000
2025-05-22,15:39:55,22.12,19.93,20.81,19.00,19.06,19.37,20.95,20.93,19.03,19.40,0,0,0,0,0,1,1,1,1,0.00,0,0,1,0,061,1,0,0,0,10.000,0.096,0.000
2025-05-22,15:40:05,22.12,19.93,20.81,19.00,19.06,19.37,20.95,20.93,19.03,19.40,0,0,0,0,0,1,1,1,1,0.00,0,0,1,0,061,1,1,0,0,10.000,0.096,0.000
2025-05-22,15:40:15,22.18,19.93,20.81,19.00,19.06,19.37,20.97,20.93,19.03,19.40,0,0,0,0,0,1,1,1,1,0.00,0,0,1,0,061,1,1,0,0,10.000,0.096,0.000
2025-05-22,15:40:25,22.12,19.87,20.81,19.06,19.06,19.37,20.93,20.93,19.06,19.40,0,0,0,0,0,1,1,1,1,0.00,0,0,1,0,061,1,0,0,0,10.000,0.096,0.000
2025-05-22,15:40:35,22.12,19.93,20.81,19.00,19.06,19.37,20.95,20.93,19.03,19.40,0,0,0,0,0,1,1,1,1,0.00,0,0,1,0,061,1,1,0,0,10.000,0.096,0.000
2025-05-22,15:40:45,22.12,19.93,20.81,19.06,19.06,19.37,20.95,20.93,19.06,19.40,0,0,0,0,0,1,1,1,1,0.00,0,0,1,0,061,1,0,0,0,10.000,0.096,0.000
2025-05-22,15:40:55,22.12,19.87,20.81,19.06,19.06,19.37,20.93,20.93,19.06,19.40,0,0,0,0,0,1,1,1,1,0.00,0,0,1,0,061,1,1,0,0,10.000,0.096,0.000
2025-05-22,15:41:05,22.12,19.87,20.81,19.06,19.06,19.37,20.93,20.93,19.06,19.40,0,0,0,0,0,1,1,1,1,0.00,0,0,1,0,061,1,0,0,0,10.000,0.096,0.000
2025-05-22,15:41:15,22.12,19.87,20.81,19.00,19.06,19.37,20.93,20.93,19.03,19.40,0,0,0,0,0,1,1,1,1,0.00,0,0,1,0,061,1,0,0,0,10.000,0.096,0.000
2025-05-22,15:41:25,22.12,19.87,20.81,19.06,19.06,19.31,20.93,20.93,19.06,19.40,0,0,0,0,0,1,1,1,1,0.00,0,0,1,0,061,1,0,0,0,10.000,0.096,0.000
2025-05-22,15:41:35,22.06,19.87,20.81,19.06,19.06,19.31,20.91,20.93,19.06,19.40,0,0,0,0,0,1,1,1,1,0.00,0,0,1,0,061,1,0,0,0,10.000,0.096,0.000
2025-05-22,15:41:45,22.12,19.87,20.81,19.06,19.06,19.31,20.93,20.93,19.06,19.40,0,0,0,0,0,1,1,1,1,0.00,0,0,1,0,061,1,0,0,0,10.000,0.096,0.000
2025-05-22,15:41:55,22.06,19.87,20.81,19.06,19.06,19.25,20.91,20.92,19.06,19.40,0,0,0,0,0,1,1,1,1,0.00,0,0,1,0,061,1,0,0,0,10.000,0.096,0.000
2025-05-22,15:42:05,22.12,19.87,20.81,19.06,19.06,19.25,20.93,20.92,19.06,19.40,0,0,0,0,0,1,1,1,1,0.00,0,0,1,0,061,1,0,0,0,10.000,0.096,0.000
2025-05-22,15:42:15,22.12,19.87,20.81,19.06,19.06,19.18,20.93,20.92,19.06,19.40,0,0,0,0,0,1,1,1,1,0.00,0,0,1,0,061,1,0,0,0,10.000,0.096,0.000
2025-05-22,15:42:25,22.12,19.87,20.81,19.06,19.06,19.18,20.93,20.92,19.06,19.40,0,0,0,0,0,1,1,1,1,0.00,0,0,1,0,061,1,0,0,0,10.000,0.096,0.000
2025-05-22,15:42:35,22.12,19.87,20.81,19.06,19.06,19.18,20.93,20.92,19.06,19.40,0,0,0,0,0,1,1,1,1,0.00,0,0,1,0,061,1,0,0,0,10.000,0.096,0.000
2025-05-22,15:42:45,22.12,19.87,20.81,19.06,19.06,19.18,20.93,20.92,19.06,19.40,0,0,0,0,0,1,1,1,1,0.00,0,0,1,0,061,1,0,0,0,10.000,0.096,0.000
2025-05-22,15:42:55,22.12,19.87,20.81,19.06,19.06,19.18,20.93,20.92,19.06,19.40,0,0,0,0,0,1,1,1,1,0.00,0,0,1,0,061,1,0,0,0,10.000,0.096,0.000
2025-05-22,15:43:05,22.12,19.87,20.81,19.06,19.06,19.12,20.93,20.92,19.06,19.40,0,0,0,0,0,1,1,1,1,0.00,0,0,1,0,061,1,1,0,0,10.000,0.096,0.000
2025-05-22,15:43:15,22.12,19.87,20.81,19.06,19.06,19.12,20.93,20.92,19.06,19.40,0,0,0,0,0,1,1,1,1,0.00,0,0,1,0,061,1,1,0,0,10.000,0.096,0.000
2025-05-22,15:43:25,22.12,19.87,20.81,19.06,19.06,19.12,20.93,20.92,19.06,19.40,0,0,0,0,0,1,1,1,1,0.00,0,0,1,0,061,1,1,0,0,10.000,0.096,0.000
2025-05-22,15:43:35,22.12,19.93,20.81,19.06,19.06,19.06,20.95,20.92,19.06,19.40,0,0,0,0,0,1,1,1,1,0.00,0,0,1,0,061,1,0,0,0,10.000,0.096,0.000
2025-05-22,15:43:45,22.12,19.87,20.81,19.06,19.06,19.06,20.93,20.92,19.06,19.40,0,0,0,0,0,1,1,1,1,0.00,0,0,1,0,061,1,0,0,0,10.000,0.096,0.000
2025-05-22,15:43:55,22.18,19.93,20.81,19.06,19.06,19.06,20.97,20.92,19.06,19.40,0,0,0,0,0,1,1,1,1,0.00,0,0,1,0,061,1,0,0,0,10.000,0.096,0.000
2025-05-22,15:44:05,22.12,19.93,20.81,19.06,19.06,19.00,20.95,20.92,19.06,19.40,0,0,0,0,0,1,1,1,1,0.00,0,0,1,0,061,1,0,0,0,10.000,0.096,0.000
2025-05-22,15:44:15,22.12,19.87,20.81,19.06,19.06,19.00,20.93,20.92,19.06,19.40,0,0,0,0,0,1,1,1,1,0.00,0,0,1,0,061,1,0,0,0,10.000,0.096,0.000
2025-05-22,15:44:25,22.12,19.87,20.81,19.06,19.06,18.93,20.93,20.92,19.06,19.40,0,0,0,0,0,1,1,1,1,0.00,0,0,1,0,061,1,0,0,0,10.000,0.096,0.000
2025-05-22,15:44:35,22.12,19.87,20.81,19.06,19.12,19.00,20.93,20.92,19.09,19.40,0,0,0,0,0,1,1,1,1,0.00,0,0,1,0,061,1,0,0,0,10.000,0.096,0.000
2025-05-22,15:44:45,22.12,19.87,20.81,19.06,19.06,18.93,20.93,20.92,19.06,19.40,0,0,0,0,0,1,1,1,1,0.00,0,0,1,0,061,1,0,0,0,10.000,0.096,0.000
2025-05-22,15:44:55,22.12,19.87,20.81,19.06,19.12,18.93,20.93,20.92,19.09,19.40,0,0,0,0,0,1,1,1,1,0.00,0,0,1,0,061,1,1,0,0,10.000,0.096,0.000
2025-05-22,15:45:05,22.12,19.87,20.81,19.06,19.06,18.93,20.93,20.92,19.06,19.40,0,0,0,0,0,1,1,1,1,0.00,0,0,1,0,061,1,0,0,0,10.000,0.096,0.000
2025-05-22,15:45:15,22.12,19.87,20.81,19.06,19.06,18.87,20.93,20.92,19.06,19.40,0,0,0,0,0,1,1,1,1,0.00,0,0,1,0,061,1,0,0,0,10.000,0.096,0.000
2025-05-22,15:45:25,22.12,19.87,20.75,19.06,19.06,18.87,20.91,20.92,19.06,19.40,0,0,0,0,0,1,1,1,1,0.07,0,0,1,0,061,1,0,0,0,10.000,0.096,0.000
2025-05-22,15:45:35,22.12,19.87,20.81,19.06,19.06,18.87,20.93,20.92,19.06,19.40,0,0,0,0,0,1,1,1,1,0.07,0,0,1,0,061,1,0,0,0,10.000,0.096,0.000
2025-05-22,15:45:45,22.12,19.87,20.81,19.06,19.12,18.87,20.93,20.92,19.09,19.40,0,0,0,0,0,1,1,1,1,0.07,0,0,1,0,061,1,0,0,0,10.000,0.096,0.000
2025-05-22,15:45:55,22.12,19.87,20.81,19.06,19.06,18.87,20.93,20.92,19.06,19.40,0,0,0,0,0,1,1,1,1,0.00,0,0,1,0,061,1,0,0,0,10.000,0.096,0.000
2025-05-22,15:46:05,22.12,19.87,20.81,19.06,19.12,18.87,20.93,20.92,19.09,19.40,0,0,0,0,0,1,1,1,1,0.00,0,0,1,0,061,1,0,0,0,10.000,0.096,0.000
2025-05-22,15:46:15,22.12,19.87,20.75,19.06,19.12,18.87,20.91,20.92,19.09,19.40,0,0,0,0,0,1,1,1,1,0.06,0,0,1,0,061,1,0,0,0,10.000,0.096,0.000
2025-05-22,15:46:25,22.12,19.87,20.81,19.06,19.06,18.87,20.93,20.92,19.06,19.40,0,0,0,0,0,1,1,1,1,0.00,0,0,1,0,061,1,0,0,0,10.000,0.096,0.000
2025-05-22,15:46:35,22.12,19.87,20.81,19.12,19.12,18.87,20.93,20.92,19.12,19.40,0,0,0,0,0,1,1,1,1,0.00,1,0,1,0,061,1,0,0,0,10.000,0.096,0.000
2025-05-22,15:46:50,22.12,19.87,20.81,19.06,19.12,18.87,20.93,20.92,19.09,19.40,0,0,0,0,0,1,1,1,1,0.00,0,0,1,0,061,1,0,0,0,10.000,0.096,0.000
2025-05-22,15:47:00,22.12,19.93,20.81,19.06,19.12,18.87,20.95,20.92,19.09,19.40,0,0,0,0,0,1,1,1,1,0.00,0,0,1,0,061,1,0,0,0,10.000,0.096,0.000
2025-05-22,15:47:10,22.12,19.87,20.81,19.12,19.06,18.87,20.93,20.92,19.09,19.40,0,0,0,0,0,1,1,1,1,0.00,0,0,1,0,061,1,0,0,0,10.000,0.096,0.000
2025-05-22,15:47:20,22.18,19.93,20.81,19.06,19.06,18.87,20.97,20.92,19.06,19.40,0,0,0,0,0,1,1,1,1,0.00,0,0,1,0,061,1,1,0,0,10.000,0.096,0.000
2025-05-22,15:47:30,22.12,19.87,20.81,19.06,19.12,18.93,20.93,20.92,19.09,19.40,0,0,0,0,0,1,1,1,1,0.00,0,0,1,0,061,1,1,0,0,10.000,0.096,0.000
2025-05-22,15:47:40,22.12,19.93,20.81,19.06,19.12,18.93,20.95,20.92,19.09,19.40,0,0,0,0,0,1,1,1,1,0.00,0,0,1,0,061,1,0,0,0,10.000,0.096,0.000
2025-05-22,15:47:50,22.12,19.87,20.81,19.06,19.06,18.93,20.93,20.92,19.06,19.40,0,0,0,0,0,1,1,1,1,0.00,0,0,1,0,061,1,1,0,0,10.000,0.096,0.000
2025-05-22,15:48:00,22.12,19.93,20.81,19.06,19.12,19.00,20.95,20.91,19.09,19.40,0,0,0,0,0,1,1,1,1,0.00,0,0,1,0,061,1,0,0,0,10.000,0.096,0.000
2025-05-22,15:48:10,22.06,19.87,20.81,19.12,19.12,19.00,20.91,20.91,19.12,19.40,0,0,0,0,0,1,1,1,1,0.03,0,0,1,0,061,1,0,0,0,10.000,0.096,0.000
2025-05-22,15:48:20,22.12,19.87,20.81,19.12,19.12,19.00,20.93,20.91,19.12,19.40,0,0,0,0,0,1,1,1,1,0.00,0,0,1,0,061,1,0,0,0,10.000,0.096,0.000
2025-05-22,15:48:30,22.12,19.87,20.81,19.06,19.12,19.06,20.93,20.91,19.09,19.40,0,0,0,0,0,1,1,1,1,0.00,0,0,1,0,061,1,0,0,0,10.000,0.096,0.000
2025-05-22,15:48:40,22.06,19.87,20.81,19.06,19.12,19.06,20.91,20.91,19.09,19.40,0,0,0,0,0,1,1,1,1,0.02,0,0,1,0,061,1,0,0,0,10.000,0.096,0.000
2025-05-22,15:48:52,22.06,19.87,20.75,19.12,19.12,19.06,20.89,20.91,19.12,19.40,0,0,0,0,0,1,1,1,1,0.23,1,0,1,0,061,1,0,0,0,10.000,0.096,0.000
2025-05-22,15:49:04,22.06,19.87,20.81,19.12,19.12,19.06,20.91,20.91,19.12,19.40,0,0,0,0,0,1,1,1,1,0.02,0,0,1,0,061,1,1,0,0,10.000,0.096,0.000
2025-05-22,15:49:14,22.06,19.87,20.81,19.12,19.12,19.06,20.91,20.91,19.12,19.40,0,0,0,0,0,1,1,1,1,0.01,0,0,1,0,061,1,0,0,0,10.000,0.096,0.000
2025-05-22,15:49:24,22.06,19.87,20.81,19.12,19.12,19.06,20.91,20.91,19.12,19.40,0,0,0,0,0,1,1,1,1,0.01,0,0,1,0,061,1,1,0,0,10.000,0.096,0.000
2025-05-22,15:49:34,22.06,19.87,20.81,19.12,19.12,19.12,20.91,20.91,19.12,19.40,0,0,0,0,0,1,1,1,1,0.00,0,0,1,0,061,1,1,0,0,10.000,0.096,0.000
2025-05-22,15:49:44,22.06,19.87,20.81,19.12,19.12,19.06,20.91,20.91,19.12,19.40,0,0,0,0,0,1,1,1,1,0.00,0,0,1,0,061,1,0,0,0,10.000,0.096,0.000
2025-05-22,15:49:54,22.06,19.87,20.81,19.12,19.12,19.12,20.91,20.91,19.12,19.40,0,0,0,0,0,1,1,1,1,0.00,0,0,1,0,061,1,0,0,0,10.000,0.096,0.000
2025-05-22,15:50:04,22.06,19.87,20.81,19.12,19.12,19.12,20.91,20.91,19.12,19.40,0,0,0,0,0,1,1,1,1,0.00,0,0,1,0,061,1,0,0,0,10.000,0.096,0.000
2025-05-22,15:50:14,22.06,19.87,20.75,19.06,19.12,19.12,20.89,20.91,19.09,19.40,0,0,0,0,0,1,1,1,1,0.21,0,0,1,0,061,1,0,0,0,10.000,0.096,0.000
2025-05-22,15:50:24,22.06,19.87,20.75,19.12,19.12,19.12,20.89,20.91,19.12,19.40,0,0,0,0,0,1,1,1,1,0.21,0,0,1,0,061,1,0,0,0,10.000,0.096,0.000
2025-05-22,15:50:34,22.06,19.87,20.81,19.12,19.12,19.18,20.91,20.91,19.12,19.40,0,0,0,0,0,1,1,1,1,0.00,0,0,1,0,061,1,0,0,0,10.000,0.096,0.000
2025-05-22,15:50:45,22.06,19.87,20.81,19.06,19.12,19.18,20.91,20.91,19.09,19.40,0,0,0,0,0,1,1,1,1,0.21,0,0,1,0,061,1,0,0,0,10.000,0.096,0.000
2025-05-22,15:50:54,22.06,19.87,20.75,19.12,19.12,19.18,20.89,20.91,19.12,19.40,0,0,0,0,0,1,1,1,1,0.21,1,0,1,0,061,1,0,0,0,10.000,0.096,0.000
2025-05-22,15:51:07,22.12,19.87,20.81,19.12,19.12,19.18,20.93,20.91,19.12,19.40,0,0,0,0,0,1,1,1,1,0.00,1,0,1,0,061,1,0,0,0,10.000,0.096,0.000
2025-05-22,15:51:17,22.12,19.87,20.81,19.12,19.12,19.25,20.93,20.91,19.12,19.40,0,0,0,0,0,1,1,1,1,0.00,1,0,1,0,061,1,0,0,0,10.000,0.096,0.000
2025-05-22,15:51:27,22.12,19.87,20.81,19.12,19.12,19.25,20.93,20.91,19.12,19.40,0,0,0,0,0,1,1,1,1,0.20,1,0,1,0,061,1,0,0,0,10.000,0.096,0.000
2025-05-22,15:51:37,22.06,19.87,20.81,19.12,19.12,19.31,20.91,20.91,19.12,19.40,0,0,0,0,0,1,1,1,1,0.00,1,0,1,0,061,1,1,0,0,10.000,0.096,0.000
2025-05-22,15:51:49,22.06,19.87,20.81,19.12,19.12,19.25,20.91,20.91,19.12,19.40,0,0,0,0,0,1,1,1,1,0.00,0,0,1,0,061,1,0,0,0,10.000,0.096,0.000
2025-05-22,15:51:59,22.06,19.87,20.81,19.12,19.12,19.31,20.91,20.91,19.12,19.40,0,0,0,0,0,1,1,1,1,0.19,0,0,1,0,061,1,0,0,0,10.000,0.096,0.000
2025-05-22,15:52:09,22.06,19.87,20.81,19.12,19.12,19.31,20.91,20.91,19.12,19.40,0,0,0,0,0,1,1,1,1,0.00,0,0,1,0,061,1,0,0,0,10.000,0.096,0.000
2025-05-22,15:52:19,22.06,19.87,20.75,19.12,19.12,19.31,20.89,20.91,19.12,19.40,0,0,0,0,0,1,1,1,1,0.00,0,0,1,0,061,1,0,0,0,10.000,0.096,0.000
2025-05-22,15:52:29,22.12,19.87,20.75,19.12,19.12,19.31,20.91,20.91,19.12,19.40,0,0,0,0,0,1,1,1,1,0.00,0,0,1,0,061,1,0,0,0,10.000,0.096,0.000
2025-05-22,15:52:39,22.06,19.87,20.81,19.12,19.12,19.37,20.91,20.91,19.12,19.40,0,0,0,0,0,1,1,1,1,0.39,0,0,1,0,061,1,0,0,0,10.000,0.096,0.000
2025-05-22,15:52:49,22.06,19.87,20.75,19.12,19.12,19.37,20.89,20.91,19.12,19.40,0,0,0,0,0,1,1,1,1,0.18,0,0,1,0,061,1,0,0,0,10.000,0.096,0.000
2025-05-22,15:52:59,22.12,19.87,20.81,19.12,19.12,19.37,20.93,20.91,19.12,19.40,0,0,0,0,0,1,1,1,1,0.18,0,0,1,0,061,1,0,0,0,10.000,0.096,0.000
2025-05-22,15:53:09,22.06,19.87,20.81,19.12,19.12,19.37,20.91,20.91,19.12,19.40,0,0,0,0,0,1,1,1,1,0.00,0,0,1,0,061,1,0,0,0,10.000,0.096,0.000
2025-05-22,15:53:19,22.06,19.87,20.81,19.12,19.12,19.37,20.91,20.91,19.12,19.40,0,0,0,0,0,1,1,1,1,0.17,0,0,1,0,061,1,0,0,0,10.000,0.096,0.000
2025-05-22,15:53:29,22.12,19.87,20.75,19.12,19.12,19.37,20.91,20.91,19.12,19.40,0,0,0,0,0,1,1,1,1,0.00,0,0,1,0,061,1,0,0,0,10.000,0.096,0.000
2025-05-22,15:53:39,22.12,19.87,20.75,19.12,19.12,19.37,20.91,20.91,19.12,19.40,0,0,0,0,0,1,1,1,1,0.00,0,0,1,0,061,1,0,0,0,10.000,0.096,0.000
2025-05-22,15:53:51,22.12,19.87,20.81,19.12,19.12,19.37,20.93,20.91,19.12,19.40,0,0,0,0,0,1,1,1,1,0.00,1,0,1,0,061,1,0,0,0,10.000,0.096,0.000
2025-05-22,15:54:01,22.12,19.87,20.75,19.12,19.12,19.37,20.91,20.90,19.12,19.40,0,0,0,0,0,1,1,1,1,0.00,1,0,1,0,061,1,0,0,0,10.000,0.096,0.000
2025-05-22,15:54:11,22.06,19.87,20.81,19.12,19.12,19.37,20.91,20.90,19.12,19.40,0,0,0,0,0,1,1,1,1,0.16,1,0,1,0,061,1,0,0,0,10.000,0.096,0.000
2025-05-22,15:54:21,22.06,19.87,20.81,19.12,19.12,19.37,20.91,20.90,19.12,19.40,0,0,0,0,0,1,1,1,1,0.00,1,0,1,0,061,1,0,0,0,10.000,0.096,0.000
2025-05-22,15:54:31,22.06,19.87,20.75,19.12,19.12,19.43,20.89,20.90,19.12,19.40,0,0,0,0,0,1,1,1,1,0.15,1,0,1,0,061,1,0,0,0,10.000,0.096,0.000
2025-05-22,15:54:41,22.06,19.87,20.75,19.12,19.12,19.43,20.89,20.90,19.12,19.40,0,0,0,0,0,1,1,1,1,0.15,1,0,1,0,061,1,0,0,0,10.000,0.096,0.000
2025-05-22,15:54:51,22.06,19.87,20.75,19.12,19.12,19.43,20.89,20.90,19.12,19.40,0,0,0,0,0,1,1,1,1,0.00,1,0,1,0,061,1,0,0,0,10.000,0.096,0.000
2025-05-22,15:55:01,22.06,19.87,20.81,19.12,19.18,19.43,20.91,20.90,19.15,19.40,0,0,0,0,0,1,1,1,1,0.15,1,0,1,0,061,1,0,0,0,10.000,0.096,0.000
2025-05-22,15:55:11,22.06,19.87,20.81,19.12,19.12,19.37,20.91,20.90,19.12,19.40,0,0,0,0,0,1,1,1,1,0.00,1,0,1,0,061,1,0,0,0,10.000,0.096,0.000
2025-05-22,15:55:21,22.06,19.87,20.81,19.12,19.12,19.43,20.91,20.90,19.12,19.40,0,0,0,0,0,1,1,1,1,0.00,1,0,1,0,061,1,0,0,0,10.000,0.096,0.000
2025-05-22,15:55:31,22.06,19.87,20.81,19.12,19.12,19.43,20.91,20.90,19.12,19.40,0,0,0,0,0,1,1,1,1,0.00,1,0,1,0,061,1,0,0,0,10.000,0.096,0.000
2025-05-22,15:55:41,22.06,19.87,20.81,19.12,19.18,19.43,20.91,20.90,19.15,19.40,0,0,0,0,0,1,1,1,1,0.00,1,0,1,0,061,1,0,0,0,10.000,0.096,0.000
2025-05-22,15:55:51,22.06,19.87,20.75,19.12,19.12,19.43,20.89,20.90,19.12,19.40,0,0,0,0,0,1,1,1,1,0.12,1,0,1,0,061,1,0,0,0,10.000,0.096,0.000
2025-05-22,15:56:01,22.12,19.87,20.81,19.12,19.12,19.43,20.93,20.90,19.12,19.40,0,0,0,0,0,1,1,1,1,0.00,1,0,1,0,061,1,0,0,0,10.000,0.096,0.000
2025-05-22,15:56:11,22.06,19.87,20.81,19.12,19.12,19.37,20.91,20.90,19.12,19.40,0,0,0,0,0,1,1,1,1,0.00,1,0,1,0,061,1,0,0,0,10.000,0.096,0.000
2025-05-22,15:56:21,22.06,19.87,20.75,19.12,19.18,19.37,20.89,20.90,19.15,19.40,0,0,0,0,0,1,1,1,1,0.00,1,0,1,0,061,1,0,0,0,10.000,0.096,0.000
2025-05-22,15:56:31,22.12,19.81,20.81,19.12,19.12,19.37,20.91,20.90,19.12,19.40,0,0,0,0,0,1,1,1,1,0.00,1,0,1,0,061,1,1,0,0,10.000,0.096,0.000
2025-05-22,15:56:41,22.06,19.87,20.81,19.12,19.12,19.31,20.91,20.90,19.12,19.40,0,0,0,0,0,1,1,1,1,0.00,1,0,1,0,061,1,0,0,0,10.000,0.096,0.000
2025-05-22,15:56:51,22.06,19.87,20.75,19.12,19.12,19.31,20.89,20.90,19.12,19.40,0,0,0,0,0,1,1,1,1,0.10,1,0,1,0,061,1,0,0,0,10.000,0.096,0.000
2025-05-22,15:57:01,22.12,19.81,20.81,19.12,19.12,19.31,20.91,20.90,19.12,19.40,0,0,0,0,0,1,1,1,1,0.00,1,0,1,0,061,1,0,0,0,10.000,0.096,0.000
2025-05-22,15:57:11,22.12,19.87,20.75,19.12,19.12,19.25,20.91,20.90,19.12,19.40,0,0,0,0,0,1,1,1,1,0.00,1,0,1,0,061,1,0,0,0,10.000,0.096,0.000
2025-05-22,15:57:21,22.12,19.87,20.81,19.12,19.12,19.25,20.93,20.90,19.12,19.40,0,0,0,0,0,1,1,1,1,0.00,1,0,1,0,061,1,1,0,0,10.000,0.096,0.000
2025-05-22,15:57:34,22.12,19.81,20.81,19.06,19.06,19.25,20.91,20.90,19.06,19.40,0,0,0,0,0,1,1,1,1,0.08,0,0,1,0,061,1,0,0,0,10.000,0.096,0.000
2025-05-22,15:57:44,22.12,19.81,20.81,19.12,19.06,19.25,20.91,20.90,19.09,19.40,0,0,0,0,0,1,1,1,1,0.00,0,0,1,0,061,1,0,0,0,10.000,0.096,0.000
2025-05-22,15:57:54,22.12,19.81,20.81,19.06,19.06,19.18,20.91,20.90,19.06,19.40,0,0,0,0,0,1,1,1,1,0.00,0,0,1,0,061,1,0,0,0,10.000,0.096,0.000
2025-05-22,15:58:04,22.12,19.81,20.81,19.06,19.06,19.18,20.91,20.90,19.06,19.40,0,0,0,0,0,1,1,1,1,0.00,0,0,1,0,061,1,0,0,0,10.000,0.096,0.000
2025-05-22,15:58:14,22.12,19.87,20.75,19.06,19.06,19.18,20.91,20.90,19.06,19.40,0,0,0,0,0,1,1,1,1,0.00,0,0,1,0,061,1,0,0,0,10.000,0.096,0.000
2025-05-22,15:58:24,22.12,19.81,20.81,19.06,19.06,19.18,20.91,20.90,19.06,19.40,0,0,0,0,0,1,1,1,1,0.00,0,0,1,0,061,1,0,0,0,10.000,0.096,0.000
2025-05-22,15:58:34,22.12,19.81,20.81,19.06,19.06,19.12,20.91,20.90,19.06,19.40,0,0,0,0,0,1,1,1,1,0.00,0,0,1,0,061,1,0,0,0,10.000,0.096,0.000
2025-05-22,15:58:44,22.06,19.81,20.75,19.06,19.00,19.06,20.87,20.90,19.03,19.40,0,0,0,0,0,1,1,1,1,0.06,0,0,1,0,061,1,0,0,0,10.000,0.096,0.000
2025-05-22,15:58:54,22.06,19.81,20.81,19.06,19.00,19.06,20.89,20.90,19.03,19.40,0,0,0,0,0,1,1,1,1,0.06,0,0,1,0,061,1,0,0,0,10.000,0.096,0.000
2025-05-22,15:59:04,22.12,19.81,20.81,19.00,19.00,19.06,20.91,20.90,19.00,19.40,0,0,0,0,0,1,1,1,1,0.06,0,0,1,0,061,1,0,0,0,10.000,0.096,0.000
2025-05-22,15:59:14,22.06,19.81,20.81,19.00,19.00,19.00,20.89,20.90,19.00,19.40,0,0,0,0,0,1,1,1,1,0.06,0,0,1,0,061,1,0,0,0,10.000,0.096,0.000
2025-05-22,15:59:24,22.12,19.87,20.75,19.00,19.00,19.00,20.91,20.90,19.00,19.40,0,0,0,0,0,1,1,1,1,0.05,0,0,1,0,061,1,0,0,0,10.000,0.096,0.000
2025-05-22,15:59:34,22.12,19.81,20.81,19.00,19.00,18.93,20.91,20.90,19.00,19.40,0,0,0,0,0,1,1,1,1,0.00,0,0,1,0,061,1,0,0,0,10.000,0.096,0.000
2025-05-22,15:59:44,22.12,19.87,20.75,19.00,19.00,18.93,20.91,20.90,19.00,19.40,0,0,0,0,0,1,1,1,1,0.00,0,0,1,0,061,1,0,0,0,10.000,0.096,0.000
2025-05-22,15:59:54,22.12,19.81,20.75,19.00,19.00,18.93,20.89,20.90,19.00,19.40,0,0,0,0,0,1,1,1,1,0.00,0,0,1,0,061,1,0,0,0,10.000,0.096,0.000
